Krank_Acisi_deg,Simscape_theta3_deg,Simscape_theta5_deg,Simscape_omega3_deg_s,Simscape_omega5_deg_s,Simscape_alpha3_deg_s2,Simscape_alpha5_deg_s2
0,-59.4897625939,-70.7115887759,-92.3076923077212,65.852110993067,-2230.05572401526,-547.953035238684
1,-59.7547842304273,-70.5307826652848,-98.5102968619343,64.3274291596494,-2235.25479084283,-549.810630183497
2,-60.0370509682145,-70.3542188931081,-104.722552509122,62.7976460993594,-2236.97438750499,-551.626531505731
3,-60.3365759594895,-70.1819114740684,-110.934546827051,61.2628724884297,-2235.03794704984,-553.404450937717
4,-60.6533441551871,-70.0138741291095,-117.135889889127,59.7232085991596,-2229.2785945335,-555.148167078363
5,-60.9873110161175,-69.8501203153017,-123.315744243573,58.178744118635,-2219.54136017497,-556.861522138178
6,-61.3384013186646,-69.6906632554866,-129.462861110617,56.6295579765739,-2205.68543545507,-558.548418664049
7,-61.7065080697578,-69.5355159683871,-135.565622867278,55.0757181822874,-2187.58643804615,-560.212816254866
8,-62.0914915485724,-69.3846912991578,-141.612091792206,53.5172816707613,-2165.13864747583,-561.858728279576
9,-62.4931784921785,-69.2382019503502,-147.590064932474,51.9542941578393,-2138.25717013658,-563.490218608606
10,-62.9113614418189,-69.0960605132676,-153.487134835582,50.3867900044543,-2106.87998975653,-565.111398368928
11,-63.3457982656057,-68.9582794996849,-159.290755765682,48.8147920898296,-2070.96985793212,-566.726422732203
12,-63.7962118721956,-68.824871373908,-164.988314896119,47.2383116935469,-2030.51597895246,-568.339487744727
13,-64.2622901284135,-68.6958485851483,-170.567207844219,45.6573483863504,-1985.5354440582,-569.954827206879
14,-64.7436859918649,-68.5712236001896,-176.014917792473,44.0718899295461,-1936.07437257,-571.576709609006
15,-65.2400178673169,-68.4510089363216,-181.319097326917,42.4819121828231,-1882.20872104497,-573.20943512959
16,-65.7508701930685,-68.3352171945185,-186.467652022393,40.8873790203233,-1824.04472676519,-574.857332700566
17,-66.2757942607166,-68.2238610928396,-191.448824719532,39.2882422547664,-1761.71895836307,-576.524757143671
18,-66.8143092686935,-68.116953500029,-196.251279373203,37.6844415694233,-1695.39795410928,-578.216086380517
19,-67.36590360678,-68.0145074692949,-200.864183310023,36.0759044577402,-1625.27743713503,-579.935718718058
20,-67.9300363655366,-67.9165362722447,-205.277286715801,34.4625461703933,-1551.58110637592,-581.688070209927
21,-68.5061390613296,-67.8230534329585,-209.480998184186,32.8442696695701,-1474.55901200734,-583.477572092961
22,-69.0936175644296,-67.7340727621785,-213.46645519623,31.2209655902701,-1394.48553424938,-585.308668297052
23,-69.6918542146046,-67.6496083915975,-217.225588466824,29.5925122084227,-1311.65699429422,-587.185813025189
24,-70.3002101057981,-67.5696748082261,-220.751179186879,27.9587754156345,-1226.38893538366,-589.113468399393
25,-70.9180275189428,-67.4942868888211,-224.036908307595,26.3196087003912,-1139.01312039312,-591.096102166898
26,-71.5446324797787,-67.4234599343574,-227.077397152064,24.6748531355563,-1049.87429934212,-593.138185459668
27,-72.1793374167684,-67.3572097045264,-229.868238795916,23.0243373720259,-959.326805788002,-595.244190599053
28,-72.8214438928918,-67.2955524522426,-232.406019828163,21.3678776384327,-867.731044865123,-597.418588935984
29,-73.4702453842605,-67.2385049581443,-234.68833228093,19.7052777468118,-775.449937681753,-599.665848715755
30,-74.1250300781584,-67.1860845650685,-236.713775696976,18.0363291041758,-682.845386832804,-601.990432955074
31,-74.7850836632796,-67.138309212487,-238.481949481703,16.360810729989,-590.274825964539,-604.396797317548
32,-75.4496920855746,-67.095197470885,-239.993435856612,14.6784892795597,-498.087912749729,-606.88938797235
33,-76.1181442442246,-67.0567685760665,-241.249773889179,12.9891190734257,-406.623419479387,-609.47263941928
34,-76.7897346037822,-67.0230424633697,-242.253425216041,11.2924421328465,-316.206368992882,-612.150972261821
35,-77.4637657004039,-66.9940398017751,-243.007732198606,9.5881882215798,-227.145456132925,-614.928790908262
36,-78.1395505223004,-66.9697820278888,-243.516869350546,7.87607489416478,-139.730786639113,-617.810481179163
37,-78.8164147469716,-66.9502913797817,-243.785788953218,6.15580755101192,-54.2319567043606,-620.800407797785
38,-79.4936988204168,-66.9355909306666,-243.820161827379,4.42707950065247,29.1035123697862,-623.902911738248
39,-80.1707598662486,-66.9257046223914,-243.626314257647,2.68957202958548,110.05137857301,-627.122307404306
40,-80.8469734154111,-66.9206572987272,-243.211162070975,0.942954480227721,188.411524920682,-630.462879609586
41,-81.5217349499748,-66.9204747384283,-242.582142853561,-0.813115662434239,264.008456239827,-633.928880328182
42,-82.1944612571617,-66.9251836880381,-241.747147254282,-2.57899267481102,336.691463293446,-637.52452518216
43,-82.8645915923206,-66.9348118944149,-240.714450269532,-4.35504248851079,406.334476107409,-641.25398963038
44,-83.5315886519691,-66.949388136947,-239.492643337052,-6.14164257309843,472.835632870895,-645.121404820526
45,-84.194939360206,-66.9689422594261,-238.090567988154,-7.93918180681368,536.116594189307,-649.130853063746
46,-84.8541554737686,-66.9935052015435,-236.517251721504,-9.74806033414971,596.121634792287,-653.286362888615
47,-85.5087740127186,-67.0231090299706,-234.781846670459,-11.5686894090502,652.816546091262,-657.591903628279
48,-86.1583575252049,-67.0577869689832,-232.893571542495,-13.4014912223707,706.187383322092,-662.051379491692
49,-86.8024941959475,-67.0975734305818,-230.861657216066,-15.2468987120912,756.239090505053,-666.668623066659
50,-87.4407978090332,-67.1425040440599,-228.695296289491,-17.1053553546302,802.994035225488,-671.447388199115
51,-88.0729075763082,-67.1926156849638,-226.403596789965,-18.9773149354438,846.490483412751,-676.391342189529
52,-88.6984878431188,-67.2479465033839,-223.995540170068,-20.8632412969279,886.781042002729,-681.504057243628
53,-89.3172276834006,-67.3085359515123,-221.479943645263,-22.7636080614599,923.931094735826,-686.789001110735
54,-89.9288403961711,-67.3744248103933,-218.865426859673,-24.6788983272265,958.017253488313,-692.249526838948
55,-90.5330629153623,-67.4456552157888,-216.160382809304,-26.6096043342794,989.125844565935,-697.888861572025
56,-91.1296551446642,-67.5222706830708,-213.372952902082,-28.5562270980495,1017.35144640097,-703.710094308353
57,-91.7183992286514,-67.6043161310481,-210.511005992473,-30.5192760073203,1042.79549216648,-709.7161625377
58,-92.2990987709697,-67.6918379046225,-207.582121194856,-32.4992683834184,1065.56494802019,-715.909837666411
59,-92.8715780097768,-67.7848837961631,-204.593574253761,-34.496728997128,1085.77107506532,-722.2937091367
60,-93.4356809599845,-67.883503065475,-201.552327229982,-36.512189539563,1103.52828070508,-728.870167140299
61,-93.991270531164,-67.9877464582306,-198.465021248944,-38.5461880429491,1118.95306289415,-735.641383821211
62,-94.5382276292604,-68.0976662227167,-195.337972050628,-40.5992682469647,1132.16304887003,-742.609292856723
63,-95.076450249532,-68.2133161247404,-192.177168078405,-42.6719789059741,1143.27612828174,-749.775567299965
64,-95.6058525674057,-68.3347514605232,-188.988270846308,-44.7648730321604,1152.40967922097,-757.14159556143
65,-96.1263640332209,-68.4620290673972,-185.776617330158,-46.8785070692027,1159.67988449054,-764.708455400913
66,-96.637928476141,-68.5952073321032,-182.547224136699,-49.0134399907941,1165.20113450328,-772.476885795293
67,-97.1405032218421,-68.7343461964733,-179.304793215976,-51.1702323179003,1169.08551247213,-780.447256541665
68,-97.6340582279545,-68.8795071602627,-176.053718895045,-53.3494450482705,1171.44235701147,-788.619535449446
69,-98.1185752406345,-69.0307532808789,-172.798096025212,-55.5516384912873,1172.37789689676,-796.993252969462
70,-98.5940469750899,-69.1881491697343,-169.541729049935,-57.7773710008291,1171.99495250521,-805.567464102585
71,-99.0604763223656,-69.3517609849279,-166.28814181589,-60.0271975983502,1170.3926983628,-814.340707425532
72,-99.5178755842241,-69.5216564199406,-163.04058796521,-62.3016684779528,1167.66648123155,-823.310961067048
73,-99.9662657375301,-69.6979046880043,-159.802061762244,-64.6013273847348,1163.90768826841,-832.475595463811
74,-100.405675729158,-69.8805765017792,-156.575309223161,-66.9267098572318,1159.20365995432,-841.831322722624
75,-100.836141802099,-70.0697440479494,-153.362839431135,-69.2783413242829,1153.63764271529,-851.374142413542
76,-101.257706853136,-70.2654809563185,-150.166935933624,-71.6567350461599,1147.28877642057,-861.099283618108
77,-101.670419822182,-70.4678622629565,-146.989668131199,-74.0623898893161,1140.23211223678,-871.001143057909
78,-102.074335113157,-70.676964366923,-143.83290257953,-76.4957879236277,1132.53865662796,-881.073219131563
79,-102.469512046054,-70.8928649800551,-140.698314137374,-78.9573918305266,1124.2754376135,-891.308041693432
80,-102.856014339691,-71.1156430692788,-137.587396903757,-81.4476421099749,1115.50558971995,-901.697097415041
81,-103.2339096245,-71.34537879087,-134.501474897008,-83.9669540738032,1106.28845438356,-912.230750581052
82,-103.603268984571,-71.5821534160498,-131.441712436871,-86.5157146125373,1096.67969287289,-922.898159185796
83,-103.96416652809,-71.8260492472707,-128.409124198619,-89.0942787224995,1086.73140910196,-933.687186214859
84,-104.316678985214,-72.0771495245063,-125.404584915038,-91.7029657796705,1076.49227999039,-944.58430601906
85,-104.660885332397,-72.3355383208234,-122.428838708244,-94.3420555465845,1066.00769129696,-955.574505716521
86,-104.996866442095,-72.6013004264753,-119.482508038719,-97.0117838983971,1055.31987710511,-966.641181592673
87,-105.324704756799,-72.8745212207167,-116.566102263674,-99.7123382542356,1044.46806137241,-977.766030509177
88,-105.644483986287,-73.1552865305033,-113.680025800978,-102.443852700038,1033.48860017131,-988.92893638116
89,-105.956288827007,-73.4436824751984,-110.824585898378,-105.206402789327,1022.41512344476,-1000.1078518394
90,-106.260204702501,-73.7397952963754,-108.000000010818,-108.000000008789,1011.27867527889,-1011.27867526041
91,-106.556317523773,-74.0437111717668,-105.206402791148,-110.82458589612,1000.10785185606,-1022.41512342431
92,-106.844713468556,-74.3555160123772,-102.443852701669,-113.680025798469,988.928936396158,-1033.48860014873
93,-107.125478778424,-74.6752952417463,-99.7123382556947,-116.56610226089,977.766030522647,-1044.46806134752
94,-107.398699572742,-75.0031335563233,-97.0117838997001,-119.482508035634,966.641181604746,-1055.31987707774
95,-107.664461678463,-75.3391146658857,-94.3420555477465,-122.428838704832,955.574505727322,-1066.00769126692
96,-107.922850474845,-75.6833210129234,-91.702965780705,-125.404584911268,944.584306028703,-1076.49227995749
97,-108.17395075214,-76.0358334698927,-89.094278723419,-128.409124194459,933.687186223446,-1086.73140906601
98,-108.417846583416,-76.3967310132454,-86.515714613353,-131.441712432289,922.898159193427,-1096.6796928337
99,-108.654621208647,-76.7660903731401,-83.9669540745254,-134.501474891969,912.23075058782,-1106.28845434093
100,-108.884356930284,-77.1439856577612,-81.4476421106136,-137.587396898222,901.697097421031,-1115.50558967369
101,-109.107135019551,-77.5304879511985,-78.9573918310899,-140.698314131304,891.308041698721,-1124.27543756343
102,-109.323035632722,-77.9256648838836,-76.4957879241236,-143.832902572884,881.073219136223,-1132.5386565739
103,-109.532137736724,-78.3295801746349,-74.0623898897517,-146.989668123933,871.001143062002,-1140.23211217857
104,-109.734519043395,-78.7422931434447,-71.6567350465417,-150.166935925694,861.099283621693,-1147.28877635807
105,-109.930255951794,-79.1638581942319,-69.2783413246168,-153.362839422494,851.374142416675,-1153.63764264838
106,-110.119423497992,-79.5943242669108,-66.9267098575232,-156.575309213761,841.831322725358,-1159.20365988292
107,-110.302095311792,-80.0337342582634,-64.6013273849883,-159.802061752036,832.475595466184,-1163.90768819245
108,-110.478343579878,-80.482124411281,-62.3016684781729,-163.040587954142,823.310961069103,-1167.66648115103
109,-110.648239014912,-80.9395236728384,-60.0271975985407,-166.288141803915,814.340707427304,-1170.39269827775
110,-110.811850830124,-81.4059530198004,-57.7773710009932,-169.541729037001,805.56746410411,-1171.99495241573
111,-110.969246718996,-81.8814247539301,-55.5516384914284,-172.79809601127,796.99325297077,-1172.377896803
112,-111.120492839628,-82.3659417662729,-53.3494450483913,-176.053718880046,788.619535450561,-1171.44235691368
113,-111.265653803431,-82.8594967720373,-51.1702323180035,-179.304793199875,780.447256542613,-1169.0855123706
114,-111.404792667813,-83.362071517381,-49.0134399908816,-182.547224119451,772.476885796096,-1165.20113439843
115,-111.53797093253,-83.873635959935,-46.8785070692768,-185.776617311722,764.70845540159,-1159.67988438287
116,-111.665248539414,-84.394147425377,-44.7648730322227,-188.988270826648,757.141595561996,-1152.40967911106
117,-111.786683875206,-84.9235497428721,-42.6719789060265,-192.177168057491,749.775567300435,-1143.27612817032
118,-111.902333777237,-85.4617723627617,-40.599268247008,-195.337972028435,742.609292857114,-1132.16304875791
119,-112.01225354173,-86.0087294604747,-38.5461880429851,-198.465021225455,735.641383821531,-1118.95306278226
120,-112.116496934492,-86.564319031272,-36.5121895395927,-201.552327205189,728.87016714056,-1103.52828059447
121,-112.215116203809,-87.1284219811014,-34.4967289971522,-204.593574227664,722.293709136912,-1085.77107495715
122,-112.308162095355,-87.7009012195371,-32.499268383438,-207.582121167466,715.909837666579,-1065.5649479157
123,-112.395683868933,-88.2816007614941,-30.519276007336,-210.511005963813,709.716162537835,-1042.79549206704
124,-112.477729316914,-88.8703448451334,-28.5562270980617,-213.372952872189,703.710094308459,-1017.35144630799
125,-112.554344784199,-89.4669370741049,-26.6096043342891,-216.160382778225,697.888861572105,-989.125844480922
126,-112.625575189597,-90.0711595929868,-24.6788983272341,-218.865426827471,692.24952683901,-958.017253412778
127,-112.69146404848,-90.682772305473,-22.7636080614657,-221.479943612016,686.789001110781,-923.931094671306
128,-112.75205349661,-91.3015121454999,-20.8632412969322,-223.995540135867,681.504057243664,-886.781041950738
129,-112.807384315032,-91.9270924120888,-18.9773149354468,-226.403596754917,676.391342189555,-846.490483374746
130,-112.857495955937,-92.5592021791796,-17.1053553546324,-228.695296253717,671.447388199133,-802.994035202807
131,-112.902426569416,-93.1975057921222,-15.2468987120928,-230.8616571797,666.66862306667,-756.239090498925
132,-112.942213031015,-93.8416424627669,-13.4014912223717,-232.893571505683,662.051379491699,-706.187383333541
133,-112.976890970028,-94.4912259752038,-11.5686894090507,-234.781846633358,657.591903628284,-652.816546121084
134,-113.006494798456,-95.1458445141559,-9.74806033415017,-236.517251684281,653.286362888617,-596.12163484103
135,-113.031057740574,-95.8050606277746,-7.93918180681402,-238.090567950984,649.130853063748,-536.11659425721
136,-113.050611863053,-96.4684113361238,-6.14164257309848,-239.492643300113,645.121404820527,-472.835632957855
137,-113.065188105585,-97.1354083959419,-4.35504248851098,-240.714450233005,641.25398963038,-406.334476212955
138,-113.074816311962,-97.8055387313285,-2.57899267481106,-241.747147218345,637.52452518216,-336.69146341674
139,-113.079525261572,-98.4782650388005,-0.813115662434239,-242.582142818388,633.928880328181,-264.008456379659
140,-113.079342701273,-99.1530265737061,0.942954480227734,-243.211162036735,630.462879609587,-188.411525075447
141,-113.074295377609,-99.829240123265,2.68957202958544,-243.626314224495,627.122307404306,-110.051378740747
142,-113.064409069333,-100.506301169545,4.42707950065251,-243.820161795458,623.902911738249,-29.1035125482333
143,-113.049708620218,-101.183585243486,6.15580755101182,-243.785788922655,620.800407797784,54.2319565177716
144,-113.030217972112,-101.860449468695,7.87607489416491,-243.516869321448,617.810481179161,139.730786447118
145,-113.005960198225,-102.536234291168,9.58818822158011,-243.007732171059,614.928790908261,227.14545593844
146,-112.976957536631,-103.210265388396,11.2924421328471,-242.253425190108,612.150972261819,316.206368798863
147,-112.943231423935,-103.881855748585,12.9891190734261,-241.249773864902,609.472639419277,406.623419288791
148,-112.904802529117,-104.550307907883,14.6784892795604,-239.993435834007,606.889387972347,498.087912565399
149,-112.861690787516,-105.214916330834,16.3608107299899,-238.481949460768,604.396797317543,590.27482578911
150,-112.813915434935,-105.874969916614,18.0363291041769,-236.713775677682,601.990432955068,682.845386668666
151,-112.76149504186,-106.529754611163,19.7052777468131,-234.688332263232,599.665848715748,775.449937530959
152,-112.704447547763,-107.17855610317,21.3678776384346,-232.406019811997,597.418588935976,867.731044729304
153,-112.642790295481,-107.820662579909,23.0243373720278,-229.868238781205,595.244190599045,959.32680566838
154,-112.576540065651,-108.455367517488,24.6748531355587,-227.077397138718,593.13818545966,1049.87429923945
155,-112.505713111189,-109.081972478878,26.319608700394,-224.036908295517,591.096102166889,1139.0131203077
156,-112.430325191786,-109.699789892539,27.9587754156377,-220.751179175967,589.113468399386,1226.38893531532
157,-112.350391608417,-110.308145784206,29.5925122084264,-217.225588456975,587.185813025181,1311.65699424238
158,-112.265927237839,-110.906382434808,31.2209655902743,-213.466455187339,585.308668297044,1394.4855342131
159,-112.176946567062,-111.493860938288,32.8442696695745,-209.480998176155,583.477572092956,1474.55901198533
160,-112.083463727778,-112.069963634411,34.4625461703981,-205.277286708536,581.688070209922,1551.58110636669
161,-111.985492530732,-112.634096393449,36.0759044577458,-200.864183303437,579.935718718057,1625.27743713688
162,-111.883046500001,-113.18569073177,37.6844415694293,-196.25127936722,578.216086380521,1695.39795412043
163,-111.776138907194,-113.724205739934,39.2882422547725,-191.448824714085,576.524757143677,1761.71895838169
164,-111.66478280552,-114.249129807727,40.8873790203301,-186.467652017422,574.857332700577,1824.0447267895
165,-111.548991063721,-114.759982133582,42.4819121828302,-181.319097322371,573.209435129607,1882.20872107328
166,-111.428776399858,-115.256314009102,44.0718899295537,-176.014917788313,571.57670960903,1936.07437260076
167,-111.304151414904,-115.737709872588,45.6573483863585,-170.567207840412,569.95482720691,1985.53544409004
168,-111.17512862615,-116.203788128813,47.2383116935551,-164.988314892638,568.339487744768,2030.51597898421
169,-111.041720500379,-116.654201735386,48.8147920898382,-159.290755762504,566.726422732255,2070.96985796282
170,-110.903939486803,-117.088638559137,50.3867900044635,-153.487134832692,565.11139836899,2106.87998978545
171,-110.761798049727,-117.506821508726,51.9542941578486,-147.590064929856,563.490218608683,2138.25717016316
172,-110.615308700926,-117.908508452269,53.5172816707709,-141.612091789848,561.858728279663,2165.13864749974
173,-110.464484031704,-118.293491931013,55.0757181822971,-135.565622865167,560.212816254968,2187.58643806721
174,-110.309336744612,-118.66159868203,56.6295579765837,-129.462861108743,558.548418664168,2205.68543547325
175,-110.149879684805,-119.0126889845,58.178744118645,-123.315744241924,556.861522138314,2219.54136019034
176,-109.986125871006,-119.346655845354,59.7232085991698,-117.13588988769,555.148167078518,2229.27859454623
177,-109.818088526056,-119.663424040978,61.2628724884396,-110.934546825811,553.404450937888,2235.03794706016
178,-109.645781107025,-119.962949032183,62.7976460993695,-104.722552508067,551.626531505924,2236.97438751319
179,-109.469217334858,-120.245215769905,64.3274291596593,-98.5102968610472,549.810630183712,2235.25479084918
180,-109.288411223526,-120.510237409014,65.8521109930213,-92.3076923035847,547.953035237816,2230.05572410403
181,-109.103377108663,-120.758053947288,67.3715707093962,-86.1241498167168,546.050105020165,2221.56130624433
182,-108.914129675669,-120.988730806062,68.8856774040559,-79.9685608274441,544.098271140845,2209.96116624342
183,-108.720683987235,-121.202357368271,70.3942903654352,-73.8492846035564,542.094041580393,2195.44852009435
184,-108.523055510289,-121.399045488745,71.897259291511,-67.7741408057073,540.034003727844,2178.21838290188
185,-108.321260142327,-121.578927990511,73.3944245145002,-61.7504068041743,537.914827330715,2158.46592782773
186,-108.115314237106,-121.742157159787,74.8856172336145,-55.7848193407846,535.733267342905,2136.38499958455
187,-107.905234629679,-121.88890325112,76.3706597555669,-49.8835801003768,533.486166656555,2112.16678645357
188,-107.691038660758,-122.019353012918,77.8493657424906,-44.052364749807,531.170458703992,2085.9986514914
189,-107.472744200372,-122.1337082424,79.321540466888,-38.2963350047593,528.783169916013,2058.06312071941
190,-107.250369670811,-122.232184377769,80.7869810731947,-32.6201532942228,526.32142202306,2028.53702366535
191,-107.023934068829,-122.31500913424,82.2454768454999,-27.0279996082094,523.782434186186,1997.59077964562
192,-106.793456987108,-122.382421189453,83.6968094809384,-21.523590134905,521.163524945118,1965.38782161945
193,-106.558958634939,-122.434668922699,85.1407533682215,-16.110197317844,518.462113971293,1932.08414828536
194,-106.320459858136,-122.472009211441,86.5770758707569,-10.7906709908055,515.675723614259,1897.82799429008
195,-106.07798215815,-122.494706287669,88.0055376137626,-5.56746027699211,512.801980230616,1862.75960794218
196,-105.831547710386,-122.503030655816,89.4258927747582,-0.442635968860603,509.838615285329,1827.01112562438
197,-105.581179381705,-122.497258073216,90.8378893767899,4.58208686501235,506.783466216095,1790.70653213826
198,-105.32690074711,-122.477668593403,92.2412695837162,9.50532627003775,503.63447705238,1753.9616964515
199,-105.068736105609,-122.444545672001,93.6357699968633,14.3260109879591,500.389698781536,1716.88447271272
200,-104.806710495257,-122.398175334407,95.021121952341,19.0433583992409,497.047289455583,1679.57485691491
201,-104.540849707365,-122.338845404094,96.397051818285,23.6568529674205,493.605514033112,1642.12519019496
202,-104.271180299888,-122.266844789942,97.7632812912903,28.1662253032096,490.062743951872,1604.62040042324
203,-103.997729609995,-122.182462830753,99.1195276912767,32.5714319439338,486.417456428789,1567.13827444065
204,-103.720525765815,-122.08598869486,100.46550425403,36.8726359236499,482.668233485124,1529.74975401795
205,-103.439597697385,-121.977710832528,101.800920420653,41.0701881910542,478.813760695696,1492.51924932886
206,-103.154975146784,-121.857916478757,103.125482123156,45.1646099160193,474.85282566224,1455.50496442733
207,-102.8666886775,-121.726891203963,104.438892065428,49.1565757112311,470.784316212003,1418.75922989291
208,-102.574769683003,-121.58491850997,105.74084999882,53.0468977828684,466.607218323867,1382.32883844512
209,-102.279250394577,-121.432279468748,107.0310529916,56.8365110134308,462.32061378538,1346.25537992507
210,-101.980163888406,-121.269252401287,108.309195691527,60.5264589706065,457.923677585047,1310.57557259435
211,-101.677544091938,-121.096112594066,109.574970580817,64.1178808282932,453.415675045367,1275.32158820748
212,-101.37142578956,-120.913132050614,110.828068222795,67.6119991794951,448.795958703054,1240.52136877202
213,-101.061844627594,-120.720579275708,112.068177499545,71.0101087155759,444.063964943706,1206.19893332312
214,-100.748837118648,-120.518719089853,113.294985839865,74.3135657422462,439.219210399261,1172.37467340533
215,-100.432440645349,-120.307812471755,114.508179436912,77.5237784994765,434.261288117191,1139.06563627815
216,-100.112693463485,-120.088116426615,115.707443454888,80.6421982501994,429.189863511284,1106.28579514457
217,-99.7896347045907,-119.859883878138,116.892462224196,83.6703111010708,424.004670104433,1074.04630594628
218,-99.4633043780044,-119.623363582304,118.062919424485,86.6096305175852,418.705505074545,1042.35575047944
219,-99.1337433724379,-119.378800061001,119.218498255071,89.4616904954178,413.29222461513,1011.22036576238
220,-98.8009934570881,-119.126433553758,120.358881592223,92.228039349881,407.764739122621,980.644259736088
221,-98.4650972823319,-118.866499985923,121.483752132853,94.9102340857904,402.123008222831,950.629613501345
222,-98.1260983800414,-118.599230951708,122.592792524187,97.5098353107444,396.367035649236,921.176870396586
223,-97.7840411635576,-118.324853710655,123.68568547901,100.028402655779,390.496863985958,892.284912300635
224,-97.4389709273663,-118.043591196162,124.762113876145,102.467490668521,384.512569288451,863.951223606558
225,-97.090933846514,-117.755662034791,125.821760845826,104.828645145263,378.414255594957,836.172043359496
226,-96.7399769758091,-117.461280575201,126.864309839694,107.113399869818,372.202049341686,808.942506084916
227,-96.3861482488498,-117.160656925602,127.889444685157,109.32327372848,365.876093694659,782.256771855641
228,-96.0294964769234,-116.853996998745,128.896849623909,111.459768171991,359.436542810856,756.108146158404
229,-95.67007134782,-116.541502563501,129.886209334419,113.524364996954,352.883556041152,730.489190125165
230,-95.3079234246073,-116.2233713022,130.857208938251,115.518524420715,346.21729208712,705.391821691844
231,-94.9431041444095,-115.899796872927,131.809533990108,117.443683425282,339.437903123434,680.807408239551
232,-94.5756658172368,-115.570968976081,132.742870451504,119.301254347386,332.545528897188,656.726851260999
233,-94.2056616249113,-115.237073424531,133.656904648039,121.092623693258,325.540290814882,633.140663579187
234,-93.8331456201336,-114.89829221677,134.551323210233,122.819151158146,318.422286027374,610.039039627039
235,-93.4581727257373,-114.554803612541,135.425812997941,124.482168831996,311.191581522452,587.411919276319
236,-93.0807987341757,-114.206782210414,136.280061008383,126.082980574003,303.848208234134,565.249045682453
237,-92.7010803072871,-113.854399026907,137.113754267837,127.622861540059,296.392155177115,543.540017589107
238,-92.3190749763831,-113.497821576702,137.926579707093,129.103057848279,288.823363614124,522.274336513302
239,-91.9348411427054,-113.13721395363,138.71822402075,130.524786368957,281.141721263332,501.441449208449
240,-91.5484380782966,-112.772736912075,139.488373510487,131.889234626341,273.347056552239,481.030785779516
241,-91.1599259273266,-112.404547948509,140.236713912449,133.197560800669,265.439132923701,461.03179380168
242,-90.7693657079226,-112.032801382896,140.962930208891,134.450893819792,257.417643199248,441.433968771446
243,-90.3768193145422,-111.657648439727,141.666706424249,135.650333530669,249.282204003997,422.22688119761
244,-89.9823495209354,-111.279237328481,142.347725405815,136.796950941767,241.032350256901,403.40020061847
245,-89.5860199837363,-110.897713323319,143.005668589202,137.891788528222,232.667529729378,384.943716811758
246,-89.1878952467282,-110.513218841858,143.640215748794,138.935860592304,224.187097674796,366.847358444492
247,-88.7880407458215,-110.125893522868,144.251044733374,139.930153672402,215.590311530631,349.101209391878
248,-88.3865228147865,-109.735874302779,144.837831187139,140.875626994349,206.876325694668,331.695522937023
249,-87.983408691782,-109.343295490876,145.400248256314,141.773212959468,198.044186375937,314.620734047028
250,-87.5787665267176,-108.9482888431,145.937966281562,142.623817664267,189.09282652079,297.867469905574
251,-87.1726653894904,-108.550983634362,146.450652476402,143.428321447153,180.021060813976,281.426558867826
252,-86.7651752791344,-108.151506729307,146.937970591852,144.18757945802,170.827580754216,265.289037989797
253,-86.3563671339198,-107.749982651466,147.399580567489,144.902422246922,161.510949803559,249.446159271828
254,-85.9463128424406,-107.346533650758,147.83513816914,145.573656368457,152.069598609422,233.889394743965
255,-85.5350852557266,-106.941279769285,148.244294613399,146.202064998809,142.501820298153,218.61044050998
256,-85.1227582004173,-106.534338905406,148.626696179169,146.788408562698,132.805765838722,203.601219856678
257,-84.7094064930312,-106.125826876054,148.981983806419,147.333425367779,122.979439475291,188.853885525471
258,-84.2951059553686,-105.715857477286,149.309792682353,147.837832244297,113.020694227228,174.360821234572
259,-83.8799334310808,-105.304542543051,149.609751815167,148.302325188019,102.927227455434,160.114642531804
260,-83.4639668034397,-104.891992002165,149.881483595578,148.72758000469,92.6965764940148,146.108197050684
261,-83.0472850143427,-104.478313933503,150.124603346321,149.114252954453,82.3261143466226,132.334564235256
262,-82.629968084586,-104.063614619398,150.338718859763,149.462981394825,71.8130454471879,118.787054592884
263,-82.2120971354372,-103.647998597257,150.523429923851,149.77438442102,61.1544014853529,105.459208528194
264,-81.7937544115423,-103.231568709405,150.678327836537,150.04906350249,50.3470372974514,92.3447948058985
265,-81.375023305196,-102.814426151167,150.80299490889,150.287603114747,39.3876268247007,79.4378086852577
266,-80.9559883820087,-102.396670517202,150.89700395708,150.490571365575,28.2726591410782,66.7324697642577
267,-80.536735407999,-101.978399846107,150.959917783423,150.658520614905,16.998434554405,54.2232195673957
268,-80.1173513781438,-101.559710663307,150.991288646705,150.79198808766,5.56106078527183,41.9047189070735
269,-79.697924546413,-101.140698022257,150.990657722006,150.891496478989,-6.04355077022444,29.7718450450178
270,-79.2785444573205,-100.721455543966,150.95755455027,150.957554551363,-17.8196886865786,17.8196886769399
271,-78.8593019790165,-100.302075454886,150.891496477879,150.990657723083,-29.7718450547235,6.04355076066697
272,-78.4402893379515,-99.882648623166,150.791988086537,150.991288647764,-41.9047189168306,-5.56106079473633
273,-78.0216001551365,-99.4632645933208,150.658520613769,150.959917784463,-54.2232195771866,-16.9984345637589
274,-77.6033294840249,-99.0440116193202,150.490571364427,150.8970039581,-66.7324697740645,-28.2726591503106
275,-77.1855738500423,-98.6249766961409,150.287603113589,150.802994909888,-79.4378086950663,-39.3876268337964
276,-76.7684312917854,-98.2062455898015,150.049063501325,150.678327837513,-92.3447948156906,-50.3470373063989
277,-76.3520014039136,-97.7879028659124,149.774384419847,150.523429924806,-105.459208537952,-61.1544014941423
278,-75.936385381752,-97.3700319167685,149.462981393648,150.338718860695,-118.787054602589,-71.8130454558102
279,-75.5216860676256,-96.9527149870155,149.114252953273,150.124603347228,-132.334564244892,-82.3261143550652
280,-75.1080079989416,-96.5360331979213,148.727580003509,149.881483596462,-146.108197060233,-92.6965765022687
281,-74.6954574580322,-96.1200665702817,148.302325186839,149.609751816026,-160.114642541245,-102.927227463488
282,-74.2841425237724,-95.7048940459946,147.83783224312,149.309792683187,-174.360821243887,-113.020694235079
283,-73.8741731249796,-95.2905935083318,147.333425366607,148.981983807228,-188.853885534643,-122.97943948293
284,-73.4656610956017,-94.8772418009443,146.788408561534,148.626696179953,-203.601219865686,-132.805765846139
285,-73.0587202316958,-94.4649147456327,146.202064997655,148.244294614158,-218.61044051881,-142.501820305346
286,-72.6534663501954,-94.0536871589155,145.573656367314,147.835138169874,-233.889394752595,-152.06959861639
287,-72.2500173494591,-93.6436328674321,144.902422245793,147.399580568197,-249.446159280242,-161.510949810289
288,-71.8484932715895,-93.2348247222125,144.187579456908,146.937970592535,-265.28903799798,-170.827580760708
289,-71.4490163665043,-92.8273346118505,143.428321446059,146.45065247706,-281.426558875759,-180.021060820228
290,-71.0517111577365,-92.4212334746165,142.623817663193,145.937966282195,-297.867469913244,-189.0928265268
291,-70.6567045099304,-92.0165913095444,141.773212958417,145.400248256922,-314.620734054414,-198.0441863817
292,-70.2641256979966,-91.6134771865314,140.875626993323,144.837831187722,-331.695522944118,-206.876325700186
293,-69.8741064778758,-91.2119592554871,139.930153671403,144.251044733933,-349.101209398666,-215.590311535903
294,-69.4867811588542,-90.8121047545703,138.935860591334,143.64021574933,-366.847358450958,-224.187097679816
295,-69.1022866773613,-90.4139800175514,137.891788527283,143.005668589715,-384.943716817894,-232.667529734155
296,-68.7207626721676,-90.0176504803408,136.796950940861,142.347725406305,-403.400200624265,-241.032350261433
297,-68.3423515608892,-89.6231806867216,135.650333529798,141.666706424717,-422.226881203057,-249.282204008286
298,-67.967198617688,-89.2306342933283,134.450893818956,140.962930209337,-441.433968776536,-257.417643203295
299,-67.5954520520426,-88.8400740739107,133.197560799871,140.236713912873,-461.031793806406,-265.439132927512
300,-67.2272630884447,-88.4515619229265,131.889234625583,139.48837351089,-481.030785783875,-273.347056555816
301,-66.8627860468581,-88.0651588585028,130.524786368239,138.718224021133,-501.44144921244,-281.141721266677
302,-66.5021784237549,-87.6809250248098,129.103057847602,137.926579707457,-522.274336516927,-288.823363617239
303,-66.1456009735189,-87.2989196938897,127.622861539424,137.113754268182,-543.540017592364,-296.39215518001
304,-65.7932177899809,-86.9192012669846,126.082980573412,136.280061008709,-565.249045685346,-303.848208236812
305,-65.4451963878246,-86.5418272754061,124.482168831448,135.42581299825,-587.411919278852,-311.191581524917
306,-65.1017077835652,-86.1668543809924,122.819151157642,134.551323210525,-610.039039629225,-318.422286029634
307,-64.7629265757763,-85.7943383761968,121.092623692797,133.656904648315,-633.140663581031,-325.540290816942
308,-64.4290310241982,-85.4243341838529,119.301254346969,132.742870451763,-656.726851262513,-332.545528899053
309,-64.1002031273255,-85.0568958566616,117.443683424908,131.809533990352,-680.807408240748,-339.437903125112
310,-63.7766286980263,-84.6920765764446,115.518524420383,130.85720893848,-705.39182169274,-346.217292088616
311,-63.4584974366999,-84.3299286532126,113.524364996664,129.886209334634,-730.489190125777,-352.883556042477
312,-63.1460030014327,-83.9705035240896,111.459768171741,128.896849624111,-756.108146158753,-359.436542812013
313,-62.8393430745529,-83.6138517521431,109.323273728269,127.889444685346,-782.25677185574,-365.876093695658
314,-62.5387194249327,-83.2600230251637,107.113399869644,126.864309839871,-808.942506084794,-372.202049342532
315,-62.2443379653219,-82.9090661544384,104.828645145124,125.821760845991,-836.172043359171,-378.414255595658
316,-61.9564088039323,-82.5610290735654,102.467490668415,124.762113876299,-863.951223606058,-384.512569289016
317,-61.675146289422,-82.2159588373533,100.028402655704,123.685685479153,-892.284912299984,-390.496863986393
318,-61.4007690483536,-81.8739016208486,97.5098353106968,122.59279252432,-921.176870395807,-396.36703564955
319,-61.1335000141237,-81.534902718537,94.9102340857685,121.483752132977,-950.629613500464,-402.12300822303
320,-60.8735664462757,-81.1990065437597,92.2280393498819,120.358881592337,-980.64425973513,-407.764739122714
321,-60.6211999390218,-80.8662566283887,89.4616904954389,119.218498255177,-1011.22036576137,-413.292224615124
322,-60.3766364177087,-80.5366956228008,86.609630517623,118.062919424583,-1042.3557504784,-418.705505074447
323,-60.1401161218667,-80.2103652961934,83.6703111011227,116.892462224286,-1074.04630594524,-424.004670104249
324,-59.9118835733828,-79.8873065372777,80.6421982502622,115.707443454971,-1106.28579514354,-429.189863511023
325,-59.6921875282362,-79.5675593553928,77.5237784995475,114.508179436988,-1139.06563627715,-434.261288116861
326,-59.4812809101343,-79.2511628820725,74.3135657423225,113.294985839935,-1172.37467340438,-439.219210398868
327,-59.2794207242757,-78.9381553731053,71.0101087156549,112.068177499608,-1206.19893332224,-444.063964943257
328,-59.0868679493676,-78.6285742111182,67.6119991795746,110.828068222853,-1240.52136877121,-448.795958702553
329,-58.9038874059143,-78.3224559087194,64.1178808283709,109.57497058087,-1275.32158820675,-453.415675044824
330,-58.7307475986934,-78.0198361122308,60.52645897068,108.309195691575,-1310.57557259371,-457.923677584462
331,-58.5677205312328,-77.7207496060389,56.8365110134991,107.031052991644,-1346.25537992451,-462.320613784766
332,-58.4150814900126,-77.4252303175929,53.0468977829298,105.740849998859,-1382.32883844466,-466.607218323226
333,-58.2731087960215,-77.1333113230756,49.1565757112852,104.438892065463,-1418.75922989253,-470.784316211338
334,-58.1420835212287,-76.8450248537711,45.1646099160653,103.125482123188,-1455.50496442703,-474.852825661562
335,-58.0222891674606,-76.560402303151,41.0701881910918,101.800920420681,-1492.51924932864,-478.813760695005
336,-57.9140113051311,-76.2794742347007,36.8726359236793,100.465504254055,-1529.74975401779,-482.668233484424
337,-57.8175371692399,-76.0022703905023,32.571431943956,99.1195276912978,-1567.13827444054,-486.417456428088
338,-57.7331552100533,-75.7288197005902,28.1662253032251,97.7632812913086,-1604.62040042317,-490.06274395117
339,-57.6611545959023,-75.4591502930947,23.6568529674305,96.3970518183007,-1642.12519019492,-493.605514032415
340,-57.6018246655909,-75.1932895051838,19.0433583992465,95.021121952354,-1679.5748569149,-497.047289454897
341,-57.5554543279984,-74.9312638948138,14.3260109879618,93.6357699968742,-1716.88447271271,-500.389698780856
342,-57.5223314065965,-74.6730992532955,9.50532627003892,92.2412695837249,-1753.9616964515,-503.634477051715
343,-57.5027419267843,-74.4188206186828,4.58208686501245,90.8378893767965,-1790.70653213826,-506.783466215446
344,-57.4969693441839,-74.1684522899848,-0.44263596886045,89.4258927747629,-1827.01112562439,-509.838615284697
345,-57.5052937123311,-73.9220178422043,-5.56746027699195,88.0055376137654,-1862.75960794218,-512.801980230006
346,-57.5279907885588,-73.6795401422023,-10.7906709908058,86.5770758707583,-1897.82799429007,-515.67572361367
347,-57.5653310773016,-73.4410413653831,-16.1101973178459,85.1407533682214,-1932.08414828536,-518.462113970727
348,-57.6175788105494,-73.2065430131986,-21.5235901349111,83.696809480937,-1965.38782161945,-521.163524944576
349,-57.6849908657649,-72.9760659314623,-27.0279996082234,82.2454768454974,-1997.59077964562,-523.782434185667
350,-57.7678156222403,-72.7496303294664,-32.6201532942494,80.7869810731909,-2028.53702366536,-526.321422022569
351,-57.8662917576151,-72.5272557998905,-38.2963350048045,79.3215404668833,-2058.06312071938,-528.783169915547
352,-57.9806469871071,-72.308961339491,-44.0523647498794,77.849365742485,-2085.9986514913,-531.170458703553
353,-58.1110967489181,-72.0947653705569,-49.8835801004855,76.3706597555605,-2112.16678645335,-533.486166656141
354,-58.2578428402676,-71.8846857631168,-55.7848193409401,74.8856172336074,-2136.38499958413,-535.733267342518
355,-58.4210720095652,-71.6787398578825,-61.7504068043891,73.3944245144924,-2158.46592782702,-537.914827330355
356,-58.6009545113581,-71.4769444899086,-67.7741408059953,71.8972592915028,-2178.21838290074,-540.034003727508
357,-58.7976426318651,-71.2793160129513,-73.8492846039316,70.3942903654266,-2195.44852009263,-542.094041580083
358,-59.011269194114,-71.0858703245058,-79.9685608279232,68.8856774040469,-2209.9611662409,-544.09827114056
359,-59.2419460529331,-70.8966228915005,-86.1241498173156,67.3715707093869,-2221.56130624081,-546.050105019904
360,-59.4897625912599,-70.7115887766276,-92.307692304319,65.8521109930115,-2230.05572409923,-547.95303523758
